,Código,Município,Ano,IFGF,C_IFGF,IFDM,C_IFDM
0,330010,Angra dos Reis,2013,0.289811052798796,Crítica,0.6387,Moderado
1,330015,Aperibé,2013,,Crítica,0.5717,Baixo
2,330020,Araruama,2013,0.33586960605987,Crítica,0.533,Baixo
3,330022,Areal,2013,0.618364047408131,Boa Gestão,0.6244,Moderado
4,330023,Armação dos Búzios,2013,0.420488183418683,Dificuldade,0.6004,Moderado
5,330025,Arraial do Cabo,2013,0.251219906806781,Crítica,0.5978,Baixo
6,330030,Barra do Piraí,2013,0.775269132592429,Boa Gestão,0.5242,Baixo
7,330040,Barra Mansa,2013,0.637531605653931,Boa Gestão,0.6172,Moderado
8,330045,Belford Roxo,2013,0.263927734393766,Crítica,0.394,Crítico
9,330050,Bom Jardim,2013,0.747258757546369,Boa Gestão,0.5537,Baixo
10,330060,Bom Jesus do Itabapoana,2013,0.562372865820839,Dificuldade,0.5761,Baixo
11,330070,Cabo Frio,2013,0.530197412017737,Dificuldade,0.5768,Baixo
12,330080,Cachoeiras de Macacu,2013,0.362891726390312,Crítica,0.5368,Baixo
13,330090,Cambuci,2013,0.495021228992035,Dificuldade,0.4212,Baixo
14,330093,Carapebus,2013,0.277385898227984,Crítica,0.5503,Baixo
15,330095,Comendador Levy Gasparian,2013,0.434793857048175,Dificuldade,0.6461,Moderado
16,330100,Campos dos Goytacazes,2013,0.669338031619741,Boa Gestão,0.5279,Baixo
17,330110,Cantagalo,2013,0.522295905327294,Dificuldade,0.5494,Baixo
18,330115,Cardoso Moreira,2013,0.490086362074906,Dificuldade,0.4696,Baixo
19,330120,Carmo,2013,0.599963239986202,Dificuldade,0.5675,Baixo
20,330130,Casimiro de Abreu,2013,0.678333692248885,Boa Gestão,0.5902,Baixo
21,330140,Conceição de Macabu,2013,0.358630250817421,Crítica,0.493,Baixo
22,330150,Cordeiro,2013,0.344010872843218,Crítica,0.6046,Moderado
23,330160,Duas Barras,2013,,Crítica,0.5109,Baixo
24,330170,Duque de Caxias,2013,0.54527020768405,Dificuldade,0.5565,Baixo
25,330180,Engenheiro Paulo de Frontin,2013,0.399413662273003,Crítica,0.4808,Baixo
26,330185,Guapimirim,2013,0.39401845904958,Crítica,0.5099,Baixo
27,330187,Iguaba Grande,2013,0.724274226250523,Boa Gestão,0.4902,Baixo
28,330190,Itaboraí,2013,0.79251043966843,Boa Gestão,0.5826,Baixo
29,330200,Itaguaí,2013,0.634579350146617,Boa Gestão,0.6185,Moderado
30,330205,Italva,2013,0.477621720465407,Dificuldade,0.5426,Baixo
31,330210,Itaocara,2013,0.57523408009554,Dificuldade,0.4656,Baixo
32,330220,Itaperuna,2013,0.62538606531617,Boa Gestão,0.652,Moderado
33,330225,Itatiaia,2013,0.742401215419396,Boa Gestão,0.5986,Baixo
34,330227,Japeri,2013,0.567888882550123,Dificuldade,0.3399,Crítico
35,330230,Laje do Muriaé,2013,0.652117420634789,Boa Gestão,0.4485,Baixo
36,330240,Macaé,2013,0.689548373472166,Boa Gestão,0.6581,Moderado
37,330245,Macuco,2013,0.570766024420081,Dificuldade,0.5219,Baixo
38,330250,Magé,2013,0.404741774913833,Dificuldade,0.4464,Baixo
39,330260,Mangaratiba,2013,0.643333720079285,Boa Gestão,0.6308,Moderado
40,330270,Maricá,2013,0.658847244706893,Boa Gestão,0.5174,Baixo
41,330280,Mendes,2013,0.636814069045986,Boa Gestão,0.5796,Baixo
42,330285,Mesquita,2013,0.375804670030085,Crítica,0.4894,Baixo
43,330290,Miguel Pereira,2013,0.418499668621544,Dificuldade,0.5833,Baixo
44,330300,Miracema,2013,0.486704846005309,Dificuldade,0.5186,Baixo
45,330310,Natividade,2013,0.503606486414741,Dificuldade,0.5311,Baixo
46,330320,Nilópolis,2013,0.300112802591251,Crítica,0.5449,Baixo
47,330330,Niterói,2013,0.663448990805914,Boa Gestão,0.7226,Moderado
48,330340,Nova Friburgo,2013,0.760844541035357,Boa Gestão,0.6749,Moderado
49,330350,Nova Iguaçu,2013,0.546825042183921,Dificuldade,0.4847,Baixo
50,330360,Paracambi,2013,0.600479183677982,Boa Gestão,0.4603,Baixo
51,330370,Paraíba do Sul,2013,0.571544413848591,Dificuldade,0.639,Moderado
52,330380,Paraty,2013,0.545345652073635,Dificuldade,0.5909,Baixo
53,330385,Paty do Alferes,2013,0.284218217219976,Crítica,0.4998,Baixo
54,330390,Petrópolis,2013,0.734175496848872,Boa Gestão,0.6498,Moderado
55,330395,Pinheiral,2013,0.721546579712217,Boa Gestão,0.5705,Baixo
56,330400,Piraí,2013,0.595136564981398,Dificuldade,0.6618,Moderado
57,330410,Porciúncula,2013,0.491331410085629,Dificuldade,0.485,Baixo
58,330411,Porto Real,2013,0.724498469094938,Boa Gestão,0.6099,Moderado
59,330412,Quatis,2013,0.89565271040948,Excelência,0.5129,Baixo
60,330414,Queimados,2013,0.699541072050857,Boa Gestão,0.4248,Baixo
61,330415,Quissamã,2013,0.604154575053648,Boa Gestão,0.5371,Baixo
62,330420,Resende,2013,0.655696912825555,Boa Gestão,0.6904,Moderado
63,330430,Rio Bonito,2013,0.473913809338579,Dificuldade,0.6517,Moderado
64,330440,Rio Claro,2013,0.535292178855529,Dificuldade,0.54,Baixo
65,330450,Rio das Flores,2013,0.677432993157641,Boa Gestão,0.6011,Moderado
66,330452,Rio das Ostras,2013,0.8164168601961,Excelência,0.6137,Moderado
67,330455,Rio de Janeiro,2013,0.928682135731938,Excelência,0.7165,Moderado
68,330460,Santa Maria Madalena,2013,0.544113577824297,Dificuldade,0.4575,Baixo
69,330470,Santo Antônio de Pádua,2013,0.457813348562981,Dificuldade,0.5214,Baixo
70,330475,São Francisco de Itabapoana,2013,0.505609113677672,Dificuldade,0.4402,Baixo
71,330480,São Fidélis,2013,0.530923871602085,Dificuldade,0.4651,Baixo
72,330490,São Gonçalo,2013,0.795405785824701,Boa Gestão,0.4769,Baixo
73,330500,São João da Barra,2013,0.522983407453258,Dificuldade,0.538,Baixo
74,330510,São João de Meriti,2013,0.455446791397996,Dificuldade,0.4736,Baixo
75,330513,São José de Ubá,2013,0.752797723816191,Boa Gestão,0.5102,Baixo
76,330515,São José do Vale do Rio Preto,2013,0.595739033430134,Dificuldade,0.5128,Baixo
77,330520,São Pedro da Aldeia,2013,0.440958611699803,Dificuldade,0.5137,Baixo
78,330530,São Sebastião do Alto,2013,0.718046604279589,Boa Gestão,0.4303,Baixo
79,330540,Sapucaia,2013,0.601081633303684,Boa Gestão,0.5405,Baixo
80,330550,Saquarema,2013,0.585698737845437,Dificuldade,0.541,Baixo
81,330555,Seropédica,2013,0.628721625662025,Boa Gestão,0.5463,Baixo
82,330560,Silva Jardim,2013,0.650924131845513,Boa Gestão,0.4775,Baixo
83,330570,Sumidouro,2013,0.431022666673854,Dificuldade,0.439,Baixo
84,330575,Tanguá,2013,0.424136240163226,Dificuldade,0.4282,Baixo
85,330580,Teresópolis,2013,0.518562112364075,Dificuldade,0.6429,Moderado
86,330590,Trajano de Moraes,2013,0.387677933922731,Crítica,0.4588,Baixo
87,330600,Três Rios,2013,0.604202576333224,Boa Gestão,0.6118,Moderado
88,330610,Valença,2013,0.571398707529584,Dificuldade,0.5212,Baixo
89,330615,Varre-Sai,2013,0.415656238890216,Dificuldade,0.3821,Crítico
90,330620,Vassouras,2013,0.494664509830439,Dificuldade,0.5805,Baixo
91,330630,Volta Redonda,2013,0.520600202367858,Dificuldade,0.6923,Moderado
92,330010,Angra dos Reis,2014,0.544929310393116,Dificuldade,0.6531,Moderado
93,330015,Aperibé,2014,,Crítica,0.619,Moderado
94,330020,Araruama,2014,0.441876863646343,Dificuldade,0.5205,Baixo
95,330022,Areal,2014,0.62878572220627,Boa Gestão,0.642,Moderado
96,330023,Armação dos Búzios,2014,0.539905597466787,Dificuldade,0.6073,Moderado
97,330025,Arraial do Cabo,2014,0.257242208581128,Crítica,0.5788,Baixo
98,330030,Barra do Piraí,2014,0.69138227733454,Boa Gestão,0.538,Baixo
99,330040,Barra Mansa,2014,0.515818940228778,Dificuldade,0.619,Moderado
100,330045,Belford Roxo,2014,0.406406867375302,Dificuldade,0.4014,Baixo
101,330050,Bom Jardim,2014,0.652061259133992,Boa Gestão,0.5487,Baixo
102,330060,Bom Jesus do Itabapoana,2014,0.62246507594921,Boa Gestão,0.5842,Baixo
103,330070,Cabo Frio,2014,0.560523346745971,Dificuldade,0.5721,Baixo
104,330080,Cachoeiras de Macacu,2014,0.276466912031742,Crítica,0.5444,Baixo
105,330090,Cambuci,2014,0.387865224673384,Crítica,0.4237,Baixo
106,330093,Carapebus,2014,0.262875478744814,Crítica,0.4941,Baixo
107,330095,Comendador Levy Gasparian,2014,,Crítica,0.6679,Moderado
108,330100,Campos dos Goytacazes,2014,0.75,Boa Gestão,0.5678,Baixo
109,330110,Cantagalo,2014,0.518332954420225,Dificuldade,0.528,Baixo
110,330115,Cardoso Moreira,2014,0.321609604036008,Crítica,0.51,Baixo
111,330120,Carmo,2014,0.507507188978434,Dificuldade,0.5768,Baixo
112,330130,Casimiro de Abreu,2014,0.673730185564795,Boa Gestão,0.584,Baixo
113,330140,Conceição de Macabu,2014,0.844077075748755,Excelência,0.5101,Baixo
114,330150,Cordeiro,2014,0.437151753528799,Dificuldade,0.5965,Baixo
115,330160,Duas Barras,2014,0.647556719988382,Boa Gestão,0.4665,Baixo
116,330170,Duque de Caxias,2014,0.467450220841405,Dificuldade,0.5668,Baixo
117,330180,Engenheiro Paulo de Frontin,2014,0.340103923601355,Crítica,0.5102,Baixo
118,330185,Guapimirim,2014,0.30368633073771,Crítica,0.531,Baixo
119,330187,Iguaba Grande,2014,0.646301236320983,Boa Gestão,0.557,Baixo
120,330190,Itaboraí,2014,0.789045736114269,Boa Gestão,0.5733,Baixo
121,330200,Itaguaí,2014,0.657359648024356,Boa Gestão,0.6394,Moderado
122,330205,Italva,2014,0.591620364459627,Dificuldade,0.5612,Baixo
123,330210,Itaocara,2014,0.74710008889093,Boa Gestão,0.5243,Baixo
124,330220,Itaperuna,2014,0.582862641673033,Dificuldade,0.6503,Moderado
125,330225,Itatiaia,2014,0.672350309488993,Boa Gestão,0.5954,Baixo
126,330227,Japeri,2014,0.523910569994164,Dificuldade,0.3694,Crítico
127,330230,Laje do Muriaé,2014,0.622601179481043,Boa Gestão,0.4726,Baixo
128,330240,Macaé,2014,0.779362002072009,Boa Gestão,0.6767,Moderado
129,330245,Macuco,2014,0.270460088556997,Crítica,0.5492,Baixo
130,330250,Magé,2014,0.517769942368399,Dificuldade,0.4462,Baixo
131,330260,Mangaratiba,2014,0.437665900109621,Dificuldade,0.6066,Moderado
132,330270,Maricá,2014,0.670373961538198,Boa Gestão,0.563,Baixo
133,330280,Mendes,2014,0.417576034235816,Dificuldade,0.5534,Baixo
134,330285,Mesquita,2014,0.30181169366707,Crítica,0.5088,Baixo
135,330290,Miguel Pereira,2014,0.581945598711185,Dificuldade,0.588,Baixo
136,330300,Miracema,2014,0.552914752594442,Dificuldade,0.5313,Baixo
137,330310,Natividade,2014,0.503439300616854,Dificuldade,0.5478,Baixo
138,330320,Nilópolis,2014,0.511249947766475,Dificuldade,0.5451,Baixo
139,330330,Niterói,2014,0.80519685420281,Excelência,0.7373,Moderado
140,330340,Nova Friburgo,2014,0.621014155642778,Boa Gestão,0.6852,Moderado
141,330350,Nova Iguaçu,2014,0.382148779074885,Crítica,0.496,Baixo
142,330360,Paracambi,2014,0.384697366291913,Crítica,0.4853,Baixo
143,330370,Paraíba do Sul,2014,0.433696858291409,Dificuldade,0.6352,Moderado
144,330380,Paraty,2014,0.617655542829695,Boa Gestão,0.5712,Baixo
145,330385,Paty do Alferes,2014,0.169751814567124,Crítica,0.4916,Baixo
146,330390,Petrópolis,2014,0.59154072322091,Dificuldade,0.6799,Moderado
147,330395,Pinheiral,2014,0.846582541537402,Excelência,0.5664,Baixo
148,330400,Piraí,2014,0.653168348390948,Boa Gestão,0.6511,Moderado
149,330410,Porciúncula,2014,0.526229922149484,Dificuldade,0.5277,Baixo
150,330411,Porto Real,2014,0.574675674342041,Dificuldade,0.6633,Moderado
151,330412,Quatis,2014,0.662456671904229,Boa Gestão,0.5111,Baixo
152,330414,Queimados,2014,0.814416074879739,Excelência,0.4285,Baixo
153,330415,Quissamã,2014,0.397617313667867,Crítica,0.5509,Baixo
154,330420,Resende,2014,0.6379695193835,Boa Gestão,0.6839,Moderado
155,330430,Rio Bonito,2014,0.409823270293434,Dificuldade,0.6666,Moderado
156,330440,Rio Claro,2014,0.650566965547901,Boa Gestão,0.4976,Baixo
157,330450,Rio das Flores,2014,0.477081456726465,Dificuldade,0.5579,Baixo
158,330452,Rio das Ostras,2014,0.788021805021283,Boa Gestão,0.5756,Baixo
159,330455,Rio de Janeiro,2014,0.882081524100834,Excelência,0.7267,Moderado
160,330460,Santa Maria Madalena,2014,0.451853821491758,Dificuldade,0.4896,Baixo
161,330470,Santo Antônio de Pádua,2014,0.553470887150967,Dificuldade,0.6058,Moderado
162,330475,São Francisco de Itabapoana,2014,0.428135089034822,Dificuldade,0.4175,Baixo
163,330480,São Fidélis,2014,0.508602058790054,Dificuldade,0.4611,Baixo
164,330490,São Gonçalo,2014,0.703848407347941,Boa Gestão,0.4766,Baixo
165,330500,São João da Barra,2014,0.497089649070429,Dificuldade,0.5771,Baixo
166,330510,São João de Meriti,2014,0.40464865152094,Dificuldade,0.4674,Baixo
167,330513,São José de Ubá,2014,0.532345805302447,Dificuldade,0.5432,Baixo
168,330515,São José do Vale do Rio Preto,2014,0.573266646318194,Dificuldade,0.5044,Baixo
169,330520,São Pedro da Aldeia,2014,,Crítica,0.5239,Baixo
170,330530,São Sebastião do Alto,2014,0.716927332879615,Boa Gestão,0.4545,Baixo
171,330540,Sapucaia,2014,0.527564564800077,Dificuldade,0.5019,Baixo
172,330550,Saquarema,2014,0.664944341947291,Boa Gestão,0.5781,Baixo
173,330555,Seropédica,2014,,Crítica,0.5449,Baixo
174,330560,Silva Jardim,2014,0.617455173085061,Boa Gestão,0.4941,Baixo
175,330570,Sumidouro,2014,0.538600674669276,Dificuldade,0.4758,Baixo
176,330575,Tanguá,2014,0.42956110711831,Dificuldade,0.4982,Baixo
177,330580,Teresópolis,2014,0.491260726678979,Dificuldade,0.657,Moderado
178,330590,Trajano de Moraes,2014,0.339501602708253,Crítica,0.448,Baixo
179,330600,Três Rios,2014,0.323272996510138,Crítica,0.6457,Moderado
180,330610,Valença,2014,0.506936172098401,Dificuldade,0.5396,Baixo
181,330615,Varre-Sai,2014,0.444232577349667,Dificuldade,0.4602,Baixo
182,330620,Vassouras,2014,0.573052478069648,Dificuldade,0.5859,Baixo
183,330630,Volta Redonda,2014,0.278919326724058,Crítica,0.7143,Moderado
184,330010,Angra dos Reis,2015,0.588356067654474,Dificuldade,0.6385,Moderado
185,330015,Aperibé,2015,,Crítica,0.568,Baixo
186,330020,Araruama,2015,0.1575113742021,Crítica,0.529,Baixo
187,330022,Areal,2015,0.556262758873135,Dificuldade,0.6221,Moderado
188,330023,Armação dos Búzios,2015,0.489499289029291,Dificuldade,0.6135,Moderado
189,330025,Arraial do Cabo,2015,0.158022006811782,Crítica,0.5732,Baixo
190,330030,Barra do Piraí,2015,0.70538138223471,Boa Gestão,0.5396,Baixo
191,330040,Barra Mansa,2015,0.559926930715125,Dificuldade,0.6279,Moderado
192,330045,Belford Roxo,2015,0.28545355042122,Crítica,0.4104,Baixo
193,330050,Bom Jardim,2015,0.552610241307719,Dificuldade,0.5354,Baixo
194,330060,Bom Jesus do Itabapoana,2015,0.579234362617096,Dificuldade,0.5739,Baixo
195,330070,Cabo Frio,2015,0.237913817461608,Crítica,0.61,Moderado
196,330080,Cachoeiras de Macacu,2015,0.383355811419472,Crítica,0.5206,Baixo
197,330090,Cambuci,2015,0.301508865566088,Crítica,0.4946,Baixo
198,330093,Carapebus,2015,0.11164920369428,Crítica,0.5454,Baixo
199,330095,Comendador Levy Gasparian,2015,0.437798365334745,Dificuldade,0.6906,Moderado
200,330100,Campos dos Goytacazes,2015,0.499896814396185,Dificuldade,0.5572,Baixo
201,330110,Cantagalo,2015,0.445042589713339,Dificuldade,0.517,Baixo
202,330115,Cardoso Moreira,2015,0.293977183221749,Crítica,0.4731,Baixo
203,330120,Carmo,2015,0.546302311862356,Dificuldade,0.586,Baixo
204,330130,Casimiro de Abreu,2015,0.405924171981602,Dificuldade,0.58,Baixo
205,330140,Conceição de Macabu,2015,0.708076047841968,Boa Gestão,0.5649,Baixo
206,330150,Cordeiro,2015,0.342656155652985,Crítica,0.5559,Baixo
207,330160,Duas Barras,2015,0.58561662983425,Dificuldade,0.5203,Baixo
208,330170,Duque de Caxias,2015,0.307349396754661,Crítica,0.5594,Baixo
209,330180,Engenheiro Paulo de Frontin,2015,0.195136412604561,Crítica,0.5388,Baixo
210,330185,Guapimirim,2015,0.108843731937446,Crítica,0.538,Baixo
211,330187,Iguaba Grande,2015,0.457062275409824,Dificuldade,0.5343,Baixo
212,330190,Itaboraí,2015,0.541431815594797,Dificuldade,0.5367,Baixo
213,330200,Itaguaí,2015,0.371185808019658,Crítica,0.6175,Moderado
214,330205,Italva,2015,0.256776790265701,Crítica,0.5556,Baixo
215,330210,Itaocara,2015,0.663451755120344,Boa Gestão,0.498,Baixo
216,330220,Itaperuna,2015,0.610109814646353,Boa Gestão,0.6645,Moderado
217,330225,Itatiaia,2015,0.65700398417597,Boa Gestão,0.6286,Moderado
218,330227,Japeri,2015,0.457692442785775,Dificuldade,0.3958,Crítico
219,330230,Laje do Muriaé,2015,0.473698601158134,Dificuldade,0.5129,Baixo
220,330240,Macaé,2015,0.641247904388201,Boa Gestão,0.6715,Moderado
221,330245,Macuco,2015,0.250829176263174,Crítica,0.5629,Baixo
222,330250,Magé,2015,0.4611315699754,Dificuldade,0.4822,Baixo
223,330260,Mangaratiba,2015,0.485705725689738,Dificuldade,0.5864,Baixo
224,330270,Maricá,2015,0.502497398538019,Dificuldade,0.5403,Baixo
225,330280,Mendes,2015,0.483267856340823,Dificuldade,0.5395,Baixo
226,330285,Mesquita,2015,0.273991699425615,Crítica,0.5069,Baixo
227,330290,Miguel Pereira,2015,0.623071153446428,Boa Gestão,0.572,Baixo
228,330300,Miracema,2015,0.239317204616164,Crítica,0.5237,Baixo
229,330310,Natividade,2015,0.303451104993744,Crítica,0.5512,Baixo
230,330320,Nilópolis,2015,0.536206758812088,Dificuldade,0.5743,Baixo
231,330330,Niterói,2015,0.794659399016122,Boa Gestão,0.729,Moderado
232,330340,Nova Friburgo,2015,0.622006928317837,Boa Gestão,0.6826,Moderado
233,330350,Nova Iguaçu,2015,0.399878961269055,Crítica,0.5198,Baixo
234,330360,Paracambi,2015,0.371590700036971,Crítica,0.496,Baixo
235,330370,Paraíba do Sul,2015,0.352626621514736,Crítica,0.6179,Moderado
236,330380,Paraty,2015,0.581636644814906,Dificuldade,0.5897,Baixo
237,330385,Paty do Alferes,2015,0.392402649701319,Crítica,0.5122,Baixo
238,330390,Petrópolis,2015,0.462190455226821,Dificuldade,0.6718,Moderado
239,330395,Pinheiral,2015,0.498247926255033,Dificuldade,0.5803,Baixo
240,330400,Piraí,2015,0.566658889582858,Dificuldade,0.6628,Moderado
241,330410,Porciúncula,2015,0.459959930546,Dificuldade,0.5225,Baixo
242,330411,Porto Real,2015,0.441118920010792,Dificuldade,0.6435,Moderado
243,330412,Quatis,2015,0.567320564978314,Dificuldade,0.5332,Baixo
244,330414,Queimados,2015,0.753791037858994,Boa Gestão,0.4516,Baixo
245,330415,Quissamã,2015,0.388589571835009,Crítica,0.5403,Baixo
246,330420,Resende,2015,0.2916649622913,Crítica,0.672,Moderado
247,330430,Rio Bonito,2015,0.431341826298479,Dificuldade,0.6645,Moderado
248,330440,Rio Claro,2015,0.637157731155224,Boa Gestão,0.5291,Baixo
249,330450,Rio das Flores,2015,0.558178956665443,Dificuldade,0.6151,Moderado
250,330452,Rio das Ostras,2015,0.704806845796726,Boa Gestão,0.6014,Moderado
251,330455,Rio de Janeiro,2015,0.848648184888155,Excelência,0.7236,Moderado
252,330460,Santa Maria Madalena,2015,0.476934920551295,Dificuldade,0.5273,Baixo
253,330470,Santo Antônio de Pádua,2015,0.641537346798294,Boa Gestão,0.6073,Moderado
254,330475,São Francisco de Itabapoana,2015,0.231660709362081,Crítica,0.4425,Baixo
255,330480,São Fidélis,2015,0.6055808540358,Boa Gestão,0.454,Baixo
256,330490,São Gonçalo,2015,0.65424833851168,Boa Gestão,0.4802,Baixo
257,330500,São João da Barra,2015,0.263001941667246,Crítica,0.5727,Baixo
258,330510,São João de Meriti,2015,0.504028294557189,Dificuldade,0.4834,Baixo
259,330513,São José de Ubá,2015,0.590824301312612,Dificuldade,0.5764,Baixo
260,330515,São José do Vale do Rio Preto,2015,0.532692521471305,Dificuldade,0.5352,Baixo
261,330520,São Pedro da Aldeia,2015,0.444610967009888,Dificuldade,0.5283,Baixo
262,330530,São Sebastião do Alto,2015,0.459953825148781,Dificuldade,0.4802,Baixo
263,330540,Sapucaia,2015,0.473874410065314,Dificuldade,0.4768,Baixo
264,330550,Saquarema,2015,0.514766985415795,Dificuldade,0.5619,Baixo
265,330555,Seropédica,2015,,Crítica,0.5485,Baixo
266,330560,Silva Jardim,2015,0.535131064370566,Dificuldade,0.5085,Baixo
267,330570,Sumidouro,2015,0.448796283545729,Dificuldade,0.4306,Baixo
268,330575,Tanguá,2015,0.296309983879307,Crítica,0.4618,Baixo
269,330580,Teresópolis,2015,0.327343436919439,Crítica,0.6496,Moderado
270,330590,Trajano de Moraes,2015,0.255606977534162,Crítica,0.4833,Baixo
271,330600,Três Rios,2015,0.333046344412109,Crítica,0.636,Moderado
272,330610,Valença,2015,0.424586322699002,Dificuldade,0.5596,Baixo
273,330615,Varre-Sai,2015,0.396278374166779,Crítica,0.4158,Baixo
274,330620,Vassouras,2015,0.453856224288897,Dificuldade,0.6007,Moderado
275,330630,Volta Redonda,2015,0.501352510441766,Dificuldade,0.7075,Moderado
276,330010,Angra dos Reis,2016,0.621531061028947,Boa Gestão,0.5974,Baixo
277,330015,Aperibé,2016,,Crítica,0.6032,Moderado
278,330020,Araruama,2016,0.160907968695247,Crítica,0.5161,Baixo
279,330022,Areal,2016,0.503308491645221,Dificuldade,0.611,Moderado
280,330023,Armação dos Búzios,2016,0.726819020892446,Boa Gestão,0.6267,Moderado
281,330025,Arraial do Cabo,2016,0.30903624860889,Crítica,0.5116,Baixo
282,330030,Barra do Piraí,2016,0.682922242792511,Boa Gestão,0.5194,Baixo
283,330040,Barra Mansa,2016,0.49563532030197,Dificuldade,0.5942,Baixo
284,330045,Belford Roxo,2016,0.130007228859422,Crítica,0.3656,Crítico
285,330050,Bom Jardim,2016,0.506995678858223,Dificuldade,0.495,Baixo
286,330060,Bom Jesus do Itabapoana,2016,0.329444214632471,Crítica,0.5869,Baixo
287,330070,Cabo Frio,2016,0.696917981780915,Boa Gestão,0.5729,Baixo
288,330080,Cachoeiras de Macacu,2016,0.30998774137111,Crítica,0.5058,Baixo
289,330090,Cambuci,2016,0.398545140835831,Crítica,0.5124,Baixo
290,330093,Carapebus,2016,0.127757008158131,Crítica,0.5076,Baixo
291,330095,Comendador Levy Gasparian,2016,0.39663845586629,Crítica,0.6468,Moderado
292,330100,Campos dos Goytacazes,2016,0.288338190431687,Crítica,0.5386,Baixo
293,330110,Cantagalo,2016,0.451976397123018,Dificuldade,0.5438,Baixo
294,330115,Cardoso Moreira,2016,0.280045830178395,Crítica,0.4884,Baixo
295,330120,Carmo,2016,0.412386146557415,Dificuldade,0.5885,Baixo
296,330130,Casimiro de Abreu,2016,0.356089525161272,Crítica,0.5564,Baixo
297,330140,Conceição de Macabu,2016,0.692325779117188,Boa Gestão,0.5295,Baixo
298,330150,Cordeiro,2016,0.234242190939316,Crítica,0.5632,Baixo
299,330160,Duas Barras,2016,0.489966930064354,Dificuldade,0.4996,Baixo
300,330170,Duque de Caxias,2016,0.307416813067269,Crítica,0.5161,Baixo
301,330180,Engenheiro Paulo de Frontin,2016,0.190932689047321,Crítica,0.5029,Baixo
302,330185,Guapimirim,2016,,Crítica,0.4786,Baixo
303,330187,Iguaba Grande,2016,0.425900851141055,Dificuldade,0.5407,Baixo
304,330190,Itaboraí,2016,0.348906228281898,Crítica,0.4896,Baixo
305,330200,Itaguaí,2016,0.234325807326157,Crítica,0.5851,Baixo
306,330205,Italva,2016,0.480209861494088,Dificuldade,0.5285,Baixo
307,330210,Itaocara,2016,0.508400862518279,Dificuldade,0.4643,Baixo
308,330220,Itaperuna,2016,0.630407628963827,Boa Gestão,0.6471,Moderado
309,330225,Itatiaia,2016,0.580082678112584,Dificuldade,0.6188,Moderado
310,330227,Japeri,2016,0.452982197158128,Dificuldade,0.3743,Crítico
311,330230,Laje do Muriaé,2016,0.54101575300912,Dificuldade,0.4669,Baixo
312,330240,Macaé,2016,0.417321070987371,Dificuldade,0.6652,Moderado
313,330245,Macuco,2016,0.271685427392772,Crítica,0.5422,Baixo
314,330250,Magé,2016,0.388971110042818,Crítica,0.4404,Baixo
315,330260,Mangaratiba,2016,0.473793790984373,Dificuldade,0.6097,Moderado
316,330270,Maricá,2016,0.53298849452328,Dificuldade,0.5254,Baixo
317,330280,Mendes,2016,0.337764614435759,Crítica,0.5327,Baixo
318,330285,Mesquita,2016,0.116851074208311,Crítica,0.4909,Baixo
319,330290,Miguel Pereira,2016,0.55301487641519,Dificuldade,0.5234,Baixo
320,330300,Miracema,2016,0.265483532954984,Crítica,0.5563,Baixo
321,330310,Natividade,2016,0.485405776677708,Dificuldade,0.5473,Baixo
322,330320,Nilópolis,2016,0.381355942659821,Crítica,0.512,Baixo
323,330330,Niterói,2016,0.902355226728882,Excelência,0.7076,Moderado
324,330340,Nova Friburgo,2016,0.563140437361033,Dificuldade,0.6443,Moderado
325,330350,Nova Iguaçu,2016,0.440057231563861,Dificuldade,0.4853,Baixo
326,330360,Paracambi,2016,0.385984234605479,Crítica,0.4446,Baixo
327,330370,Paraíba do Sul,2016,0.507367963323314,Dificuldade,0.5793,Baixo
328,330380,Paraty,2016,0.762517437230147,Boa Gestão,0.6054,Moderado
329,330385,Paty do Alferes,2016,0.196124165407664,Crítica,0.4688,Baixo
330,330390,Petrópolis,2016,0.527524446424079,Dificuldade,0.679,Moderado
331,330395,Pinheiral,2016,0.575520009136872,Dificuldade,0.5587,Baixo
332,330400,Piraí,2016,0.626832511127849,Boa Gestão,0.6501,Moderado
333,330410,Porciúncula,2016,0.34207973341068,Crítica,0.548,Baixo
334,330411,Porto Real,2016,0.355603404695076,Crítica,0.6576,Moderado
335,330412,Quatis,2016,0.546108087164064,Dificuldade,0.5161,Baixo
336,330414,Queimados,2016,0.587806362070049,Dificuldade,0.4309,Baixo
337,330415,Quissamã,2016,0.458178039429344,Dificuldade,0.5653,Baixo
338,330420,Resende,2016,0.525002890148431,Dificuldade,0.6656,Moderado
339,330430,Rio Bonito,2016,0.293651786444688,Crítica,0.6422,Moderado
340,330440,Rio Claro,2016,0.594853524050929,Dificuldade,0.5201,Baixo
341,330450,Rio das Flores,2016,0.362422141335388,Crítica,0.6077,Moderado
342,330452,Rio das Ostras,2016,0.57939107164637,Dificuldade,0.5717,Baixo
343,330455,Rio de Janeiro,2016,0.748998872147756,Boa Gestão,0.7147,Moderado
344,330460,Santa Maria Madalena,2016,0.357636091838425,Crítica,0.4725,Baixo
345,330470,Santo Antônio de Pádua,2016,0.414489549567691,Dificuldade,0.5631,Baixo
346,330475,São Francisco de Itabapoana,2016,0.320197376994746,Crítica,0.4068,Baixo
347,330480,São Fidélis,2016,0.403254833056402,Dificuldade,0.4676,Baixo
348,330490,São Gonçalo,2016,0.602857707010733,Boa Gestão,0.4501,Baixo
349,330500,São João da Barra,2016,0.242330051584115,Crítica,0.5531,Baixo
350,330510,São João de Meriti,2016,0.332470104008216,Crítica,0.4696,Baixo
351,330513,São José de Ubá,2016,0.433826099018017,Dificuldade,0.548,Baixo
352,330515,São José do Vale do Rio Preto,2016,0.376083247352895,Crítica,0.5674,Baixo
353,330520,São Pedro da Aldeia,2016,0.627739054642744,Boa Gestão,0.5131,Baixo
354,330530,São Sebastião do Alto,2016,0.619838701923701,Boa Gestão,0.4878,Baixo
355,330540,Sapucaia,2016,0.269415186106029,Crítica,0.5466,Baixo
356,330550,Saquarema,2016,0.627963576244763,Boa Gestão,0.5324,Baixo
357,330555,Seropédica,2016,,Crítica,0.5172,Baixo
358,330560,Silva Jardim,2016,0.463883833313981,Dificuldade,0.5323,Baixo
359,330570,Sumidouro,2016,0.433735605552766,Dificuldade,0.4319,Baixo
360,330575,Tanguá,2016,0.32251699515904,Crítica,0.4684,Baixo
361,330580,Teresópolis,2016,0.516047708418149,Dificuldade,0.6335,Moderado
362,330590,Trajano de Moraes,2016,0.387745790637101,Crítica,0.4954,Baixo
363,330600,Três Rios,2016,0.424233868130791,Dificuldade,0.6118,Moderado
364,330610,Valença,2016,0.488540520169812,Dificuldade,0.5565,Baixo
365,330615,Varre-Sai,2016,0.296423738620547,Crítica,0.4514,Baixo
366,330620,Vassouras,2016,0.270485013037912,Crítica,0.5744,Baixo
367,330630,Volta Redonda,2016,0.365494345870293,Crítica,0.6775,Moderado
368,330010,Angra dos Reis,2017,0.689921347048891,Boa Gestão,0.5897,Baixo
369,330015,Aperibé,2017,,Crítica,0.6212,Moderado
370,330020,Araruama,2017,,Crítica,0.5035,Baixo
371,330022,Areal,2017,0.530116738934988,Dificuldade,0.6133,Moderado
372,330023,Armação dos Búzios,2017,0.392795166960055,Crítica,0.6497,Moderado
373,330025,Arraial do Cabo,2017,0.031384931415437,Crítica,0.5334,Baixo
374,330030,Barra do Piraí,2017,0.513503250186879,Dificuldade,0.5019,Baixo
375,330040,Barra Mansa,2017,0.539394362642597,Dificuldade,0.5927,Baixo
376,330045,Belford Roxo,2017,0.363616332068799,Crítica,0.3781,Crítico
377,330050,Bom Jardim,2017,0.464610578184191,Dificuldade,0.527,Baixo
378,330060,Bom Jesus do Itabapoana,2017,0.310423298470054,Crítica,0.6059,Moderado
379,330070,Cabo Frio,2017,0.398228865346345,Crítica,0.5737,Baixo
380,330080,Cachoeiras de Macacu,2017,0.408939143942473,Dificuldade,0.4999,Baixo
381,330090,Cambuci,2017,0.346956877754915,Crítica,0.5293,Baixo
382,330093,Carapebus,2017,0.0338838652045953,Crítica,0.5555,Baixo
383,330095,Comendador Levy Gasparian,2017,0.572314633044602,Dificuldade,0.6442,Moderado
384,330100,Campos dos Goytacazes,2017,0.279535915198316,Crítica,0.5692,Baixo
385,330110,Cantagalo,2017,0.42324092893195,Dificuldade,0.5433,Baixo
386,330115,Cardoso Moreira,2017,0.182891944752585,Crítica,0.5221,Baixo
387,330120,Carmo,2017,0.375985635234147,Crítica,0.5856,Baixo
388,330130,Casimiro de Abreu,2017,0.484377548474968,Dificuldade,0.5674,Baixo
389,330140,Conceição de Macabu,2017,0.761286708096307,Boa Gestão,0.5057,Baixo
390,330150,Cordeiro,2017,0.46329022009175,Dificuldade,0.5666,Baixo
391,330160,Duas Barras,2017,0.634419932437275,Boa Gestão,0.5072,Baixo
392,330170,Duque de Caxias,2017,0.284998541612581,Crítica,0.5073,Baixo
393,330180,Engenheiro Paulo de Frontin,2017,0.173391164793455,Crítica,0.5228,Baixo
394,330185,Guapimirim,2017,0.337699193071452,Crítica,0.4833,Baixo
395,330187,Iguaba Grande,2017,0.429206845854128,Dificuldade,0.5179,Baixo
396,330190,Itaboraí,2017,0.132092111923082,Crítica,0.4866,Baixo
397,330200,Itaguaí,2017,0.265186438741386,Crítica,0.5804,Baixo
398,330205,Italva,2017,0.598093304911417,Dificuldade,0.547,Baixo
399,330210,Itaocara,2017,0.557049229998714,Dificuldade,0.5129,Baixo
400,330220,Itaperuna,2017,0.611301162578515,Boa Gestão,0.6671,Moderado
401,330225,Itatiaia,2017,0.428031559251201,Dificuldade,0.6369,Moderado
402,330227,Japeri,2017,0.35080180662765,Crítica,0.3692,Crítico
403,330230,Laje do Muriaé,2017,,Crítica,0.4826,Baixo
404,330240,Macaé,2017,0.411896122422172,Dificuldade,0.6824,Moderado
405,330245,Macuco,2017,0.535475711006325,Dificuldade,0.5743,Baixo
406,330250,Magé,2017,0.464750918063224,Dificuldade,0.465,Baixo
407,330260,Mangaratiba,2017,0.491260508530656,Dificuldade,0.6027,Moderado
408,330270,Maricá,2017,0.681114891244312,Boa Gestão,0.5523,Baixo
409,330280,Mendes,2017,0.552171439411082,Dificuldade,0.5288,Baixo
410,330285,Mesquita,2017,0.0634966738906985,Crítica,0.5009,Baixo
411,330290,Miguel Pereira,2017,0.475643221735085,Dificuldade,0.5377,Baixo
412,330300,Miracema,2017,0.263447302370904,Crítica,0.5436,Baixo
413,330310,Natividade,2017,0.405061746122196,Dificuldade,0.562,Baixo
414,330320,Nilópolis,2017,0.452338117629499,Dificuldade,0.509,Baixo
415,330330,Niterói,2017,0.938422602341506,Excelência,0.7093,Moderado
416,330340,Nova Friburgo,2017,0.577264245389596,Dificuldade,0.6747,Moderado
417,330350,Nova Iguaçu,2017,0.467341012270726,Dificuldade,0.4813,Baixo
418,330360,Paracambi,2017,0.521356914198662,Dificuldade,0.5052,Baixo
419,330370,Paraíba do Sul,2017,0.301715470011993,Crítica,0.5881,Baixo
420,330380,Paraty,2017,0.567847584693776,Dificuldade,0.6174,Moderado
421,330385,Paty do Alferes,2017,0.257265487715256,Crítica,0.4735,Baixo
422,330390,Petrópolis,2017,0.474864289480195,Dificuldade,0.6675,Moderado
423,330395,Pinheiral,2017,0.554349673374803,Dificuldade,0.6078,Moderado
424,330400,Piraí,2017,0.556818998545052,Dificuldade,0.6452,Moderado
425,330410,Porciúncula,2017,0.332750970381,Crítica,0.5111,Baixo
426,330411,Porto Real,2017,0.408149035322081,Dificuldade,0.6672,Moderado
427,330412,Quatis,2017,0.547427512846633,Dificuldade,0.5407,Baixo
428,330414,Queimados,2017,0.464260817899026,Dificuldade,0.4411,Baixo
429,330415,Quissamã,2017,0.470720266106535,Dificuldade,0.5796,Baixo
430,330420,Resende,2017,0.551677674224984,Dificuldade,0.6885,Moderado
431,330430,Rio Bonito,2017,0.196481969633621,Crítica,0.6108,Moderado
432,330440,Rio Claro,2017,0.49748933322459,Dificuldade,0.512,Baixo
433,330450,Rio das Flores,2017,0.333672850356534,Crítica,0.6112,Moderado
434,330452,Rio das Ostras,2017,0.717781161477483,Boa Gestão,0.5875,Baixo
435,330455,Rio de Janeiro,2017,0.383896382479677,Crítica,0.7336,Moderado
436,330460,Santa Maria Madalena,2017,0.400209912752415,Dificuldade,0.5081,Baixo
437,330470,Santo Antônio de Pádua,2017,0.422588384108786,Dificuldade,0.625,Moderado
438,330475,São Francisco de Itabapoana,2017,0.162402191991011,Crítica,0.4244,Baixo
439,330480,São Fidélis,2017,0.347769987734806,Crítica,0.4818,Baixo
440,330490,São Gonçalo,2017,0.520806373912865,Dificuldade,0.4699,Baixo
441,330500,São João da Barra,2017,0.571669707615857,Dificuldade,0.5621,Baixo
442,330510,São João de Meriti,2017,0.198565912764571,Crítica,0.46,Baixo
443,330513,São José de Ubá,2017,0.572908112522784,Dificuldade,0.5401,Baixo
444,330515,São José do Vale do Rio Preto,2017,0.361771974959605,Crítica,0.5741,Baixo
445,330520,São Pedro da Aldeia,2017,0.64577692268037,Boa Gestão,0.5335,Baixo
446,330530,São Sebastião do Alto,2017,0.437455861642712,Dificuldade,0.4998,Baixo
447,330540,Sapucaia,2017,0.375899280252515,Crítica,0.5772,Baixo
448,330550,Saquarema,2017,0.548933796310748,Dificuldade,0.5426,Baixo
449,330555,Seropédica,2017,,Crítica,0.5055,Baixo
450,330560,Silva Jardim,2017,0.470415513649784,Dificuldade,0.5374,Baixo
451,330570,Sumidouro,2017,0.440999396328612,Dificuldade,0.4643,Baixo
452,330575,Tanguá,2017,0.293328243688075,Crítica,0.4803,Baixo
453,330580,Teresópolis,2017,0.610851952922855,Boa Gestão,0.6368,Moderado
454,330590,Trajano de Moraes,2017,0.412686165286112,Dificuldade,0.4452,Baixo
455,330600,Três Rios,2017,0.325763075885501,Crítica,0.6282,Moderado
456,330610,Valença,2017,0.587358794841304,Dificuldade,0.5632,Baixo
457,330615,Varre-Sai,2017,0.282720876776176,Crítica,0.4333,Baixo
458,330620,Vassouras,2017,0.389503009615392,Crítica,0.6098,Moderado
459,330630,Volta Redonda,2017,0.494273356761723,Dificuldade,0.6931,Moderado
460,330010,Angra dos Reis,2018,0.686253224835639,Boa Gestão,0.5755,Baixo
461,330015,Aperibé,2018,,Crítica,0.5676,Baixo
462,330020,Araruama,2018,,Crítica,0.5314,Baixo
463,330022,Areal,2018,0.606756519053089,Boa Gestão,0.6415,Moderado
464,330023,Armação dos Búzios,2018,0.451993622715199,Dificuldade,0.6409,Moderado
465,330025,Arraial do Cabo,2018,,Crítica,0.5402,Baixo
466,330030,Barra do Piraí,2018,0.564486860553115,Dificuldade,0.5194,Baixo
467,330040,Barra Mansa,2018,0.567866917461815,Dificuldade,0.6198,Moderado
468,330045,Belford Roxo,2018,0.489157894191066,Dificuldade,0.374,Crítico
469,330050,Bom Jardim,2018,0.602389897730435,Boa Gestão,0.5732,Baixo
470,330060,Bom Jesus do Itabapoana,2018,0.428792396899836,Dificuldade,0.5937,Baixo
471,330070,Cabo Frio,2018,,Crítica,0.5917,Baixo
472,330080,Cachoeiras de Macacu,2018,0.165393924090202,Crítica,0.5374,Baixo
473,330090,Cambuci,2018,,Crítica,0.4893,Baixo
474,330093,Carapebus,2018,0.221514735475899,Crítica,0.5597,Baixo
475,330095,Comendador Levy Gasparian,2018,0.677915085350336,Boa Gestão,0.6014,Moderado
476,330100,Campos dos Goytacazes,2018,0.468254011275635,Dificuldade,0.5744,Baixo
477,330110,Cantagalo,2018,0.572536493724674,Dificuldade,0.5217,Baixo
478,330115,Cardoso Moreira,2018,0.457917307479682,Dificuldade,0.5491,Baixo
479,330120,Carmo,2018,,Crítica,0.5664,Baixo
480,330130,Casimiro de Abreu,2018,0.57463823818031,Dificuldade,0.5545,Baixo
481,330140,Conceição de Macabu,2018,0.713547343195229,Boa Gestão,0.4951,Baixo
482,330150,Cordeiro,2018,0.41560506399729,Dificuldade,0.6097,Moderado
483,330160,Duas Barras,2018,,Crítica,0.4954,Baixo
484,330170,Duque de Caxias,2018,0.3402962491359,Crítica,0.523,Baixo
485,330180,Engenheiro Paulo de Frontin,2018,0.191665874075729,Crítica,0.5041,Baixo
486,330185,Guapimirim,2018,0.0352471854167808,Crítica,0.5012,Baixo
487,330187,Iguaba Grande,2018,0.380120905281856,Crítica,0.5115,Baixo
488,330190,Itaboraí,2018,0.38232809263309,Crítica,0.5049,Baixo
489,330200,Itaguaí,2018,0.43614463889613,Dificuldade,0.5595,Baixo
490,330205,Italva,2018,0.64441508285877,Boa Gestão,0.5696,Baixo
491,330210,Itaocara,2018,0.514266781570326,Dificuldade,0.5477,Baixo
492,330220,Itaperuna,2018,0.38261370550494,Crítica,0.6861,Moderado
493,330225,Itatiaia,2018,0.588536581228154,Dificuldade,0.6376,Moderado
494,330227,Japeri,2018,0.401144394212928,Dificuldade,0.3869,Crítico
495,330230,Laje do Muriaé,2018,,Crítica,0.5385,Baixo
496,330240,Macaé,2018,0.70613453388231,Boa Gestão,0.697,Moderado
497,330245,Macuco,2018,0.632718175989936,Boa Gestão,0.5754,Baixo
498,330250,Magé,2018,,Crítica,0.46,Baixo
499,330260,Mangaratiba,2018,0.168105322313883,Crítica,0.6075,Moderado
500,330270,Maricá,2018,0.718406926029404,Boa Gestão,0.5557,Baixo
501,330280,Mendes,2018,0.550604364703265,Dificuldade,0.5682,Baixo
502,330285,Mesquita,2018,,Crítica,0.4997,Baixo
503,330290,Miguel Pereira,2018,0.652432900877474,Boa Gestão,0.5776,Baixo
504,330300,Miracema,2018,0.23070527823614,Crítica,0.5391,Baixo
505,330310,Natividade,2018,0.474568488416047,Dificuldade,0.5742,Baixo
506,330320,Nilópolis,2018,0.350158588199453,Crítica,0.5297,Baixo
507,330330,Niterói,2018,0.806612201532277,Excelência,0.7095,Moderado
508,330340,Nova Friburgo,2018,0.593189010659136,Dificuldade,0.6874,Moderado
509,330350,Nova Iguaçu,2018,0.550005030528385,Dificuldade,0.4526,Baixo
510,330360,Paracambi,2018,0.4799250711224,Dificuldade,0.5008,Baixo
511,330370,Paraíba do Sul,2018,0.440650454353367,Dificuldade,0.5872,Baixo
512,330380,Paraty,2018,0.716863406132725,Boa Gestão,0.5757,Baixo
513,330385,Paty do Alferes,2018,0.581798727981756,Dificuldade,0.4895,Baixo
514,330390,Petrópolis,2018,0.608564330996552,Boa Gestão,0.6708,Moderado
515,330395,Pinheiral,2018,0.586619567952275,Dificuldade,0.6269,Moderado
516,330400,Piraí,2018,0.620660446662405,Boa Gestão,0.65,Moderado
517,330410,Porciúncula,2018,0.388616880128115,Crítica,0.5206,Baixo
518,330411,Porto Real,2018,0.458070185012222,Dificuldade,0.6815,Moderado
519,330412,Quatis,2018,0.543845921068381,Dificuldade,0.5533,Baixo
520,330414,Queimados,2018,0.546263158819822,Dificuldade,0.4288,Baixo
521,330415,Quissamã,2018,0.458961342605493,Dificuldade,0.5905,Baixo
522,330420,Resende,2018,0.644523204745476,Boa Gestão,0.6797,Moderado
523,330430,Rio Bonito,2018,0.502202449838109,Dificuldade,0.6298,Moderado
524,330440,Rio Claro,2018,0.571485965898004,Dificuldade,0.5276,Baixo
525,330450,Rio das Flores,2018,0.328657667242217,Crítica,0.6065,Moderado
526,330452,Rio das Ostras,2018,0.71798165725622,Boa Gestão,0.5909,Baixo
527,330455,Rio de Janeiro,2018,0.422696985535948,Dificuldade,0.7329,Moderado
528,330460,Santa Maria Madalena,2018,0.505898367838387,Dificuldade,0.465,Baixo
529,330470,Santo Antônio de Pádua,2018,0.553596030461297,Dificuldade,0.5796,Baixo
530,330475,São Francisco de Itabapoana,2018,0.0726209864082327,Crítica,0.453,Baixo
531,330480,São Fidélis,2018,0.445666636580147,Dificuldade,0.4755,Baixo
532,330490,São Gonçalo,2018,0.584457256378344,Dificuldade,0.4765,Baixo
533,330500,São João da Barra,2018,0.66169853608777,Boa Gestão,0.6095,Moderado
534,330510,São João de Meriti,2018,,Crítica,0.4591,Baixo
535,330513,São José de Ubá,2018,0.650479668982766,Boa Gestão,0.5217,Baixo
536,330515,São José do Vale do Rio Preto,2018,,Crítica,0.535,Baixo
537,330520,São Pedro da Aldeia,2018,0.536161223185747,Dificuldade,0.5113,Baixo
538,330530,São Sebastião do Alto,2018,0.48213313970021,Dificuldade,0.4707,Baixo
539,330540,Sapucaia,2018,0.317845606499603,Crítica,0.5987,Baixo
540,330550,Saquarema,2018,0.690788539094146,Boa Gestão,0.5105,Baixo
541,330555,Seropédica,2018,,Crítica,0.5081,Baixo
542,330560,Silva Jardim,2018,0.507187628723151,Dificuldade,0.5421,Baixo
543,330570,Sumidouro,2018,0.603839825533104,Boa Gestão,0.4785,Baixo
544,330575,Tanguá,2018,0.31533248831726,Crítica,0.4776,Baixo
545,330580,Teresópolis,2018,0.427450805147062,Dificuldade,0.6384,Moderado
546,330590,Trajano de Moraes,2018,0.513995326332284,Dificuldade,0.4584,Baixo
547,330600,Três Rios,2018,0.473770976024699,Dificuldade,0.632,Moderado
548,330610,Valença,2018,0.615868471882458,Boa Gestão,0.5678,Baixo
549,330615,Varre-Sai,2018,0.371286736295854,Crítica,0.4275,Baixo
550,330620,Vassouras,2018,0.482812922884154,Dificuldade,0.6214,Moderado
551,330630,Volta Redonda,2018,0.425963794484931,Dificuldade,0.6834,Moderado
552,330010,Angra dos Reis,2019,0.7356469396738076,Boa Gestão,0.5982,Baixo
553,330015,Aperibé,2019,0.030417622819726167,Crítica,0.5894,Baixo
554,330020,Araruama,2019,,Crítica,0.5394,Baixo
555,330022,Areal,2019,0.6846306163682313,Boa Gestão,0.633,Moderado
556,330023,Armação dos Búzios,2019,0.547436003473351,Dificuldade,0.6265,Moderado
557,330025,Arraial do Cabo,2019,0.3518263049785731,Crítica,0.5802,Baixo
558,330030,Barra do Piraí,2019,0.41720326963384624,Dificuldade,0.537,Baixo
559,330040,Barra Mansa,2019,0.5808690079070561,Dificuldade,0.6128,Moderado
560,330045,Belford Roxo,2019,0.5848078277598998,Dificuldade,0.3792,Crítico
561,330050,Bom Jardim,2019,0.5809456151785033,Dificuldade,0.5754,Baixo
562,330060,Bom Jesus do Itabapoana,2019,0.49241638341878685,Dificuldade,0.5842,Baixo
563,330070,Cabo Frio,2019,0.39097202350268667,Crítica,0.593,Baixo
564,330080,Cachoeiras de Macacu,2019,0.07089230383975298,Crítica,0.4881,Baixo
565,330090,Cambuci,2019,0.5868461674447922,Dificuldade,0.5401,Baixo
566,330093,Carapebus,2019,,Crítica,0.6328,Moderado
567,330095,Comendador Levy Gasparian,2019,0.5728545138585477,Dificuldade,0.6898,Moderado
568,330100,Campos dos Goytacazes,2019,0.28310025664948474,Crítica,0.5733,Baixo
569,330110,Cantagalo,2019,0.49483059254005246,Dificuldade,0.5549,Baixo
570,330115,Cardoso Moreira,2019,0.3128835061975186,Crítica,0.5636,Baixo
571,330120,Carmo,2019,,Crítica,0.6029,Moderado
572,330130,Casimiro de Abreu,2019,0.48472095711338925,Dificuldade,0.561,Baixo
573,330140,Conceição de Macabu,2019,0.6940920869665604,Boa Gestão,0.4846,Baixo
574,330150,Cordeiro,2019,0.5398791371279532,Dificuldade,0.6033,Moderado
575,330160,Duas Barras,2019,0.5811115345602254,Dificuldade,0.4964,Baixo
576,330170,Duque de Caxias,2019,0.3747718043407129,Crítica,0.5309,Baixo
577,330180,Engenheiro Paulo de Frontin,2019,0.27585670955901265,Crítica,0.5106,Baixo
578,330185,Guapimirim,2019,0.040276512990766934,Crítica,0.527,Baixo
579,330187,Iguaba Grande,2019,0.40765248731736875,Dificuldade,0.5515,Baixo
580,330190,Itaboraí,2019,0.5834693137466822,Dificuldade,0.4914,Baixo
581,330200,Itaguaí,2019,0.46876485127832107,Dificuldade,0.5784,Baixo
582,330205,Italva,2019,0.6411363908275112,Boa Gestão,0.5143,Baixo
583,330210,Itaocara,2019,0.534815493995909,Dificuldade,0.5882,Baixo
584,330220,Itaperuna,2019,0.5287496061745907,Dificuldade,0.6681,Moderado
585,330225,Itatiaia,2019,0.7064266116446901,Boa Gestão,0.6332,Moderado
586,330227,Japeri,2019,0.5053938669664728,Dificuldade,0.4055,Baixo
587,330230,Laje do Muriaé,2019,0.5617222744535891,Dificuldade,0.5712,Baixo
588,330240,Macaé,2019,0.5945724277270199,Dificuldade,0.6814,Moderado
589,330245,Macuco,2019,0.5631519549448799,Dificuldade,0.6169,Moderado
590,330250,Magé,2019,0.4499937049436277,Dificuldade,0.4744,Baixo
591,330260,Mangaratiba,2019,0.29010515208695214,Crítica,0.5653,Baixo
592,330270,Maricá,2019,0.75,Boa Gestão,0.5692,Baixo
593,330280,Mendes,2019,0.47736044659318805,Dificuldade,0.5836,Baixo
594,330285,Mesquita,2019,0.5034800884632236,Dificuldade,0.4905,Baixo
595,330290,Miguel Pereira,2019,0.5445037574225962,Dificuldade,0.5868,Baixo
596,330300,Miracema,2019,0.3161289858577572,Crítica,0.5641,Baixo
597,330310,Natividade,2019,0.5946506871210292,Dificuldade,0.5853,Baixo
598,330320,Nilópolis,2019,0.5616511985022609,Dificuldade,0.5245,Baixo
599,330330,Niterói,2019,0.963990130280007,Excelência,0.6927,Moderado
600,330340,Nova Friburgo,2019,0.6381582090769333,Boa Gestão,0.6807,Moderado
601,330350,Nova Iguaçu,2019,0.6794225087643743,Boa Gestão,0.4779,Baixo
602,330360,Paracambi,2019,0.29892539000947893,Crítica,0.5188,Baixo
603,330370,Paraíba do Sul,2019,0.5713113591059551,Dificuldade,0.6041,Moderado
604,330380,Paraty,2019,0.6990215080163273,Boa Gestão,0.5963,Baixo
605,330385,Paty do Alferes,2019,0.5379669660985718,Dificuldade,0.4849,Baixo
606,330390,Petrópolis,2019,0.6161476271284482,Boa Gestão,0.6773,Moderado
607,330395,Pinheiral,2019,0.5978799516222837,Dificuldade,0.6176,Moderado
608,330400,Piraí,2019,0.7353477531241362,Boa Gestão,0.6515,Moderado
609,330410,Porciúncula,2019,0.5970481587176444,Dificuldade,0.544,Baixo
610,330411,Porto Real,2019,0.44364310228068105,Dificuldade,0.6824,Moderado
611,330412,Quatis,2019,0.6238127548795249,Boa Gestão,0.5385,Baixo
612,330414,Queimados,2019,0.4727148560027228,Dificuldade,0.4325,Baixo
613,330415,Quissamã,2019,0.45241457735910184,Dificuldade,0.5715,Baixo
614,330420,Resende,2019,0.6463814036693971,Boa Gestão,0.6964,Moderado
615,330430,Rio Bonito,2019,0.2050554848171373,Crítica,0.6426,Moderado
616,330440,Rio Claro,2019,0.5826120702240616,Dificuldade,0.5586,Baixo
617,330450,Rio das Flores,2019,0.2451040435055712,Crítica,0.6566,Moderado
618,330452,Rio das Ostras,2019,0.5756307207765536,Dificuldade,0.5727,Baixo
619,330455,Rio de Janeiro,2019,0.34956459548080254,Crítica,0.7315,Moderado
620,330460,Santa Maria Madalena,2019,0.5400329825916115,Dificuldade,0.4767,Baixo
621,330470,Santo Antônio de Pádua,2019,0.43862198727835144,Dificuldade,0.6039,Moderado
622,330475,São Francisco de Itabapoana,2019,0.28053707820016327,Crítica,0.45,Baixo
623,330480,São Fidélis,2019,0.41384821043643594,Dificuldade,0.4918,Baixo
624,330490,São Gonçalo,2019,0.6649528726875096,Boa Gestão,0.4812,Baixo
625,330500,São João da Barra,2019,0.6737779798296367,Boa Gestão,0.6173,Moderado
626,330510,São João de Meriti,2019,0.06455777936967061,Crítica,0.4551,Baixo
627,330513,São José de Ubá,2019,0.6580700891087536,Boa Gestão,0.5904,Baixo
628,330515,São José do Vale do Rio Preto,2019,0.5463525244187442,Dificuldade,0.5647,Baixo
629,330520,São Pedro da Aldeia,2019,0.4380183917987889,Dificuldade,0.5101,Baixo
630,330530,São Sebastião do Alto,2019,0.5278967905953162,Dificuldade,0.5071,Baixo
631,330540,Sapucaia,2019,0.31352918035359384,Crítica,0.6059,Moderado
632,330550,Saquarema,2019,0.6794802954607954,Boa Gestão,0.5554,Baixo
633,330555,Seropédica,2019,0.6072702860731793,Boa Gestão,0.4959,Baixo
634,330560,Silva Jardim,2019,0.44498576379109744,Dificuldade,0.5416,Baixo
635,330570,Sumidouro,2019,,Crítica,0.4889,Baixo
636,330575,Tanguá,2019,0.3110512364578058,Crítica,0.4769,Baixo
637,330580,Teresópolis,2019,0.6021794050989474,Boa Gestão,0.6556,Moderado
638,330590,Trajano de Moraes,2019,0.460185613518684,Dificuldade,0.4709,Baixo
639,330600,Três Rios,2019,0.49272576549906105,Dificuldade,0.6448,Moderado
640,330610,Valença,2019,0.5624111867592644,Dificuldade,0.6147,Moderado
641,330615,Varre-Sai,2019,0.49420028158450446,Dificuldade,0.5032,Baixo
642,330620,Vassouras,2019,0.48804526362310285,Dificuldade,0.611,Moderado
643,330630,Volta Redonda,2019,0.5426436038001627,Dificuldade,0.7111,Moderado
644,330010,Angra dos Reis,2020,0.6224962927461982,Boa Gestão,0.5808,Baixo
645,330015,Aperibé,2020,0.24500297964191475,Crítica,0.6334,Moderado
646,330020,Araruama,2020,,Crítica,0.5631,Baixo
647,330022,Areal,2020,0.4720628476581809,Dificuldade,0.6889,Moderado
648,330023,Armação dos Búzios,2020,0.5746991545299883,Dificuldade,0.6327,Moderado
649,330025,Arraial do Cabo,2020,,Crítica,0.5619,Baixo
650,330030,Barra do Piraí,2020,,Crítica,0.5546,Baixo
651,330040,Barra Mansa,2020,0.5509541774757634,Dificuldade,0.6487,Moderado
652,330045,Belford Roxo,2020,0.6700092087990068,Boa Gestão,0.3595,Crítico
653,330050,Bom Jardim,2020,0.6669967959405751,Boa Gestão,0.6035,Moderado
654,330060,Bom Jesus do Itabapoana,2020,0.48506421611419526,Dificuldade,0.5957,Baixo
655,330070,Cabo Frio,2020,,Crítica,0.5801,Baixo
656,330080,Cachoeiras de Macacu,2020,,Crítica,0.4668,Baixo
657,330090,Cambuci,2020,,Crítica,0.5263,Baixo
658,330093,Carapebus,2020,,Crítica,0.6084,Moderado
659,330095,Comendador Levy Gasparian,2020,0.603485012564454,Boa Gestão,0.6601,Moderado
660,330100,Campos dos Goytacazes,2020,0.2546874997268339,Crítica,0.5351,Baixo
661,330110,Cantagalo,2020,0.5909653299227116,Dificuldade,0.5368,Baixo
662,330115,Cardoso Moreira,2020,0.4663669390900363,Dificuldade,0.5594,Baixo
663,330120,Carmo,2020,,Crítica,0.6225,Moderado
664,330130,Casimiro de Abreu,2020,0.4083344960010229,Dificuldade,0.5719,Baixo
665,330140,Conceição de Macabu,2020,0.5749852191084741,Dificuldade,0.5358,Baixo
666,330150,Cordeiro,2020,0.6056570206708723,Boa Gestão,0.5931,Baixo
667,330160,Duas Barras,2020,,Crítica,0.5028,Baixo
668,330170,Duque de Caxias,2020,0.5229534938692604,Dificuldade,0.5081,Baixo
669,330180,Engenheiro Paulo de Frontin,2020,0.3798439622807651,Crítica,0.5908,Baixo
670,330185,Guapimirim,2020,0.13189404344164507,Crítica,0.5367,Baixo
671,330187,Iguaba Grande,2020,,Crítica,0.5929,Baixo
672,330190,Itaboraí,2020,0.4641273187037699,Dificuldade,0.5221,Baixo
673,330200,Itaguaí,2020,0.5140084978605896,Dificuldade,0.5956,Baixo
674,330205,Italva,2020,0.5006941390372454,Dificuldade,0.551,Baixo
675,330210,Itaocara,2020,0.28327034263733336,Crítica,0.5874,Baixo
676,330220,Itaperuna,2020,0.666656552894634,Boa Gestão,0.6767,Moderado
677,330225,Itatiaia,2020,0.856562621491758,Excelência,0.6587,Moderado
678,330227,Japeri,2020,0.5267613515819738,Dificuldade,0.4045,Baixo
679,330230,Laje do Muriaé,2020,0.3718854881537775,Crítica,0.5493,Baixo
680,330240,Macaé,2020,0.6823926779197212,Boa Gestão,0.6882,Moderado
681,330245,Macuco,2020,0.5827244225010684,Dificuldade,0.5928,Baixo
682,330250,Magé,2020,0.16110110171195657,Crítica,0.4785,Baixo
683,330260,Mangaratiba,2020,0.16425435242670566,Crítica,0.626,Moderado
684,330270,Maricá,2020,0.7784240678562274,Boa Gestão,0.5683,Baixo
685,330280,Mendes,2020,,Crítica,0.6277,Moderado
686,330285,Mesquita,2020,0.4570358701846243,Dificuldade,0.5195,Baixo
687,330290,Miguel Pereira,2020,0.48338808409771605,Dificuldade,0.6203,Moderado
688,330300,Miracema,2020,0.4192616972624864,Dificuldade,0.5973,Baixo
689,330310,Natividade,2020,0.6102038827825693,Boa Gestão,0.6204,Moderado
690,330320,Nilópolis,2020,0.4609978691608772,Dificuldade,0.5271,Baixo
691,330330,Niterói,2020,0.939270134582893,Excelência,0.6849,Moderado
692,330340,Nova Friburgo,2020,0.6635214903201866,Boa Gestão,0.6779,Moderado
693,330350,Nova Iguaçu,2020,0.7905304834500522,Boa Gestão,0.4716,Baixo
694,330360,Paracambi,2020,0.27344569567254406,Crítica,0.5233,Baixo
695,330370,Paraíba do Sul,2020,0.5452006069774955,Dificuldade,0.642,Moderado
696,330380,Paraty,2020,0.6633636434809891,Boa Gestão,0.6065,Moderado
697,330385,Paty do Alferes,2020,0.5594070389103644,Dificuldade,0.533,Baixo
698,330390,Petrópolis,2020,0.6726884372166242,Boa Gestão,0.6935,Moderado
699,330395,Pinheiral,2020,0.5905013222014185,Dificuldade,0.6118,Moderado
700,330400,Piraí,2020,0.9107326336367878,Excelência,0.6936,Moderado
701,330410,Porciúncula,2020,0.5948055535792022,Dificuldade,0.5629,Baixo
702,330411,Porto Real,2020,0.5781854535177335,Dificuldade,0.7077,Moderado
703,330412,Quatis,2020,0.5858835271723793,Dificuldade,0.6088,Moderado
704,330414,Queimados,2020,0.5199915898011886,Dificuldade,0.4391,Baixo
705,330415,Quissamã,2020,,Crítica,0.556,Baixo
706,330420,Resende,2020,0.7833366851577178,Boa Gestão,0.6926,Moderado
707,330430,Rio Bonito,2020,0.4011224643658339,Dificuldade,0.6183,Moderado
708,330440,Rio Claro,2020,0.6860518096556143,Boa Gestão,0.5693,Baixo
709,330450,Rio das Flores,2020,0.31542719410049247,Crítica,0.6735,Moderado
710,330452,Rio das Ostras,2020,0.5150858314840702,Dificuldade,0.5925,Baixo
711,330455,Rio de Janeiro,2020,0.3042640315013841,Crítica,0.7397,Moderado
712,330460,Santa Maria Madalena,2020,0.6265279936521155,Boa Gestão,0.4939,Baixo
713,330470,Santo Antônio de Pádua,2020,,Crítica,0.5898,Baixo
714,330475,São Francisco de Itabapoana,2020,0.3358268030597771,Crítica,0.4589,Baixo
715,330480,São Fidélis,2020,0.35861089416088676,Crítica,0.5055,Baixo
716,330490,São Gonçalo,2020,0.6537635014375424,Boa Gestão,0.464,Baixo
717,330500,São João da Barra,2020,0.7762923330125369,Boa Gestão,0.6231,Moderado
718,330510,São João de Meriti,2020,,Crítica,0.4522,Baixo
719,330513,São José de Ubá,2020,0.6072496705425312,Boa Gestão,0.5829,Baixo
720,330515,São José do Vale do Rio Preto,2020,0.5951737107521883,Dificuldade,0.5854,Baixo
721,330520,São Pedro da Aldeia,2020,0.3755782600711983,Crítica,0.5475,Baixo
722,330530,São Sebastião do Alto,2020,0.4532494678998076,Dificuldade,0.5038,Baixo
723,330540,Sapucaia,2020,0.3361535908783703,Crítica,0.6559,Moderado
724,330550,Saquarema,2020,0.773983977975983,Boa Gestão,0.5424,Baixo
725,330555,Seropédica,2020,0.4982502265833063,Dificuldade,0.519,Baixo
726,330560,Silva Jardim,2020,0.5117871059609772,Dificuldade,0.5693,Baixo
727,330570,Sumidouro,2020,,Crítica,0.4786,Baixo
728,330575,Tanguá,2020,0.35194159996751384,Crítica,0.5023,Baixo
729,330580,Teresópolis,2020,0.5405658668500463,Dificuldade,0.6622,Moderado
730,330590,Trajano de Moraes,2020,0.3730714913502598,Crítica,0.4378,Baixo
731,330600,Três Rios,2020,0.5294793140922297,Dificuldade,0.634,Moderado
732,330610,Valença,2020,0.5641478599352729,Dificuldade,0.6267,Moderado
733,330615,Varre-Sai,2020,0.4328710080062501,Dificuldade,0.4917,Baixo
734,330620,Vassouras,2020,0.4023255093116743,Dificuldade,0.6367,Moderado
735,330630,Volta Redonda,2020,0.6212565281939022,Boa Gestão,0.6817,Moderado
736,330010,Angra dos Reis,2021,0.7660702246728908,Boa Gestão,0.597,Baixo
737,330015,Aperibé,2021,0.48501862410043034,Dificuldade,0.6142,Moderado
738,330020,Araruama,2021,0.6453408479783448,Boa Gestão,0.5764,Baixo
739,330022,Areal,2021,0.656913967532561,Boa Gestão,0.6746,Moderado
740,330023,Armação dos Búzios,2021,0.6326869153740755,Boa Gestão,0.641,Moderado
741,330025,Arraial do Cabo,2021,0.5198484976544724,Dificuldade,0.6059,Moderado
742,330030,Barra do Piraí,2021,0.6365493430030367,Boa Gestão,0.5687,Baixo
743,330040,Barra Mansa,2021,0.5776875892598419,Dificuldade,0.6588,Moderado
744,330045,Belford Roxo,2021,0.780870959441838,Boa Gestão,0.3651,Crítico
745,330050,Bom Jardim,2021,0.7113222924144728,Boa Gestão,0.5727,Baixo
746,330060,Bom Jesus do Itabapoana,2021,0.5508429089254505,Dificuldade,0.6088,Moderado
747,330070,Cabo Frio,2021,0.4487561915253524,Dificuldade,0.5826,Baixo
748,330080,Cachoeiras de Macacu,2021,0.6471000108076537,Boa Gestão,0.4986,Baixo
749,330090,Cambuci,2021,,Crítica,0.512,Baixo
750,330093,Carapebus,2021,,Crítica,0.5585,Baixo
751,330095,Comendador Levy Gasparian,2021,0.7040794114239638,Boa Gestão,0.6739,Moderado
752,330100,Campos dos Goytacazes,2021,0.686806993156303,Boa Gestão,0.562,Baixo
753,330110,Cantagalo,2021,0.7909637997288983,Boa Gestão,0.5484,Baixo
754,330115,Cardoso Moreira,2021,0.6487724547473384,Boa Gestão,0.5408,Baixo
755,330120,Carmo,2021,,Crítica,0.6641,Moderado
756,330130,Casimiro de Abreu,2021,0.6011586109137992,Boa Gestão,0.576,Baixo
757,330140,Conceição de Macabu,2021,0.646743402313516,Boa Gestão,0.4874,Baixo
758,330150,Cordeiro,2021,0.6399266091018321,Boa Gestão,0.6227,Moderado
759,330160,Duas Barras,2021,,Crítica,0.5142,Baixo
760,330170,Duque de Caxias,2021,0.7263560104143967,Boa Gestão,0.5314,Baixo
761,330180,Engenheiro Paulo de Frontin,2021,0.3166296404279756,Crítica,0.5718,Baixo
762,330185,Guapimirim,2021,0.5055412610979755,Dificuldade,0.5692,Baixo
763,330187,Iguaba Grande,2021,0.660340379906653,Boa Gestão,0.5388,Baixo
764,330190,Itaboraí,2021,0.636159886642141,Boa Gestão,0.5167,Baixo
765,330200,Itaguaí,2021,0.5028947105283492,Dificuldade,0.6016,Moderado
766,330205,Italva,2021,0.6619844297495037,Boa Gestão,0.5489,Baixo
767,330210,Itaocara,2021,0.6011029097406747,Boa Gestão,0.6004,Moderado
768,330220,Itaperuna,2021,0.6560944411254684,Boa Gestão,0.6812,Moderado
769,330225,Itatiaia,2021,0.7983234141501558,Boa Gestão,0.6378,Moderado
770,330227,Japeri,2021,0.6020799949966675,Boa Gestão,0.4093,Baixo
771,330230,Laje do Muriaé,2021,,Crítica,0.56,Baixo
772,330240,Macaé,2021,0.7849201421215997,Boa Gestão,0.7042,Moderado
773,330245,Macuco,2021,0.6397918428934817,Boa Gestão,0.624,Moderado
774,330250,Magé,2021,0.579702100068373,Dificuldade,0.5102,Baixo
775,330260,Mangaratiba,2021,0.359477382038811,Crítica,0.6448,Moderado
776,330270,Maricá,2021,0.7604384752803044,Boa Gestão,0.5974,Baixo
777,330280,Mendes,2021,0.5650931255189697,Dificuldade,0.6259,Moderado
778,330285,Mesquita,2021,0.5594708291161083,Dificuldade,0.5068,Baixo
779,330290,Miguel Pereira,2021,0.6138195819733414,Boa Gestão,0.5986,Baixo
780,330300,Miracema,2021,0.49230002159296116,Dificuldade,0.6067,Moderado
781,330310,Natividade,2021,0.6066736906984278,Boa Gestão,0.6109,Moderado
782,330320,Nilópolis,2021,0.6300768794209404,Boa Gestão,0.5289,Baixo
783,330330,Niterói,2021,0.9726939257457944,Excelência,0.7065,Moderado
784,330340,Nova Friburgo,2021,0.790593343934331,Boa Gestão,0.6773,Moderado
785,330350,Nova Iguaçu,2021,0.839060905021767,Excelência,0.487,Baixo
786,330360,Paracambi,2021,0.2800066696641896,Crítica,0.5297,Baixo
787,330370,Paraíba do Sul,2021,0.6301353551181272,Boa Gestão,0.6452,Moderado
788,330380,Paraty,2021,0.7696351066796467,Boa Gestão,0.6082,Moderado
789,330385,Paty do Alferes,2021,0.6696567294968732,Boa Gestão,0.5132,Baixo
790,330390,Petrópolis,2021,0.6980195372004993,Boa Gestão,0.6835,Moderado
791,330395,Pinheiral,2021,0.6956134516293883,Boa Gestão,0.6282,Moderado
792,330400,Piraí,2021,0.8045735624966992,Excelência,0.6671,Moderado
793,330410,Porciúncula,2021,0.6449495022302226,Boa Gestão,0.5543,Baixo
794,330411,Porto Real,2021,0.633704164210829,Boa Gestão,0.6623,Moderado
795,330412,Quatis,2021,0.6581311626441396,Boa Gestão,0.543,Baixo
796,330414,Queimados,2021,0.5642977205230439,Dificuldade,0.4705,Baixo
797,330415,Quissamã,2021,0.6267410710438406,Boa Gestão,0.5922,Baixo
798,330420,Resende,2021,0.7956113502502603,Boa Gestão,0.7053,Moderado
799,330430,Rio Bonito,2021,0.5687422419794785,Dificuldade,0.6227,Moderado
800,330440,Rio Claro,2021,0.8369715062935297,Excelência,0.552,Baixo
801,330450,Rio das Flores,2021,0.4315189856174932,Dificuldade,0.6769,Moderado
802,330452,Rio das Ostras,2021,0.7684915414453488,Boa Gestão,0.6036,Moderado
803,330455,Rio de Janeiro,2021,0.6909486236946045,Boa Gestão,0.7559,Moderado
804,330460,Santa Maria Madalena,2021,0.7454769196569002,Boa Gestão,0.5406,Baixo
805,330470,Santo Antônio de Pádua,2021,0.6000600991023693,Boa Gestão,0.6019,Moderado
806,330475,São Francisco de Itabapoana,2021,0.5454360491395724,Dificuldade,0.4719,Baixo
807,330480,São Fidélis,2021,0.5771074399113085,Dificuldade,0.4761,Baixo
808,330490,São Gonçalo,2021,0.7747213724807861,Boa Gestão,0.4854,Baixo
809,330500,São João da Barra,2021,0.7346174401623734,Boa Gestão,0.6268,Moderado
810,330510,São João de Meriti,2021,0.41427917036102685,Dificuldade,0.4647,Baixo
811,330513,São José de Ubá,2021,,Crítica,0.4867,Baixo
812,330515,São José do Vale do Rio Preto,2021,,Crítica,0.603,Moderado
813,330520,São Pedro da Aldeia,2021,0.7007633380318763,Boa Gestão,0.5627,Baixo
814,330530,São Sebastião do Alto,2021,0.6353494073800975,Boa Gestão,0.4825,Baixo
815,330540,Sapucaia,2021,0.7094641322389491,Boa Gestão,0.6162,Moderado
816,330550,Saquarema,2021,0.7274605562504268,Boa Gestão,0.5964,Baixo
817,330555,Seropédica,2021,0.737941482245166,Boa Gestão,0.5473,Baixo
818,330560,Silva Jardim,2021,0.4057490277900679,Dificuldade,0.5384,Baixo
819,330570,Sumidouro,2021,,Crítica,0.5234,Baixo
820,330575,Tanguá,2021,0.5770007632799072,Dificuldade,0.5073,Baixo
821,330580,Teresópolis,2021,0.5720989187065578,Dificuldade,0.6851,Moderado
822,330590,Trajano de Moraes,2021,0.6172362984833182,Boa Gestão,0.4808,Baixo
823,330600,Três Rios,2021,0.5459751753689212,Dificuldade,0.6604,Moderado
824,330610,Valença,2021,0.5981479129645788,Dificuldade,0.6295,Moderado
825,330615,Varre-Sai,2021,0.5321866772342838,Dificuldade,0.5499,Baixo
826,330620,Vassouras,2021,0.5024843061994597,Dificuldade,0.6354,Moderado
827,330630,Volta Redonda,2021,0.7686110357069841,Boa Gestão,0.7142,Moderado
828,330010,Angra dos Reis,2022,0.8497818570364468,Excelência,0.6339,Moderado
829,330015,Aperibé,2022,0.33716539203892315,Crítica,0.6745,Moderado
830,330020,Araruama,2022,,Crítica,0.6195,Moderado
831,330022,Areal,2022,0.6169218148631331,Boa Gestão,0.6826,Moderado
832,330023,Armação dos Búzios,2022,0.6751178128842108,Boa Gestão,0.6854,Moderado
833,330025,Arraial do Cabo,2022,0.5816653300932133,Dificuldade,0.6256,Moderado
834,330030,Barra do Piraí,2022,0.5797170584310836,Dificuldade,0.5953,Baixo
835,330040,Barra Mansa,2022,0.6726022817469735,Boa Gestão,0.6537,Moderado
836,330045,Belford Roxo,2022,0.6556150556624,Boa Gestão,0.3535,Crítico
837,330050,Bom Jardim,2022,0.7116756591611723,Boa Gestão,0.6081,Moderado
838,330060,Bom Jesus do Itabapoana,2022,0.5385191331075715,Dificuldade,0.623,Moderado
839,330070,Cabo Frio,2022,0.4919090456077533,Dificuldade,0.6198,Moderado
840,330080,Cachoeiras de Macacu,2022,0.6857316228488899,Boa Gestão,0.5375,Baixo
841,330090,Cambuci,2022,0.6339398648129976,Boa Gestão,0.5694,Baixo
842,330093,Carapebus,2022,,Crítica,0.6179,Moderado
843,330095,Comendador Levy Gasparian,2022,0.5187548568355667,Dificuldade,0.729,Moderado
844,330100,Campos dos Goytacazes,2022,0.6830454327057174,Boa Gestão,0.5848,Baixo
845,330110,Cantagalo,2022,0.7374856911986836,Boa Gestão,0.6128,Moderado
846,330115,Cardoso Moreira,2022,0.5065854614043208,Dificuldade,0.5678,Baixo
847,330120,Carmo,2022,,Crítica,0.6716,Moderado
848,330130,Casimiro de Abreu,2022,0.5728028781108349,Dificuldade,0.6009,Moderado
849,330140,Conceição de Macabu,2022,0.648541821001713,Boa Gestão,0.559,Baixo
850,330150,Cordeiro,2022,0.5838334260533553,Dificuldade,0.6561,Moderado
851,330160,Duas Barras,2022,,Crítica,0.4783,Baixo
852,330170,Duque de Caxias,2022,0.7671111631101698,Boa Gestão,0.5355,Baixo
853,330180,Engenheiro Paulo de Frontin,2022,0.4279227838075116,Dificuldade,0.6258,Moderado
854,330185,Guapimirim,2022,0.5231396903393435,Dificuldade,0.5793,Baixo
855,330187,Iguaba Grande,2022,0.7064155404123647,Boa Gestão,0.5832,Baixo
856,330190,Itaboraí,2022,0.5705287521464936,Dificuldade,0.5359,Baixo
857,330200,Itaguaí,2022,0.5783507039379694,Dificuldade,0.6365,Moderado
858,330205,Italva,2022,0.5892072220911869,Dificuldade,0.5775,Baixo
859,330210,Itaocara,2022,0.5865135870103415,Dificuldade,0.6128,Moderado
860,330220,Itaperuna,2022,0.6349107904813382,Boa Gestão,0.719,Moderado
861,330225,Itatiaia,2022,0.5536340648292107,Dificuldade,0.6424,Moderado
862,330227,Japeri,2022,0.5842774214901416,Dificuldade,0.4096,Baixo
863,330230,Laje do Muriaé,2022,,Crítica,0.6188,Moderado
864,330240,Macaé,2022,0.8648583304817765,Excelência,0.721,Moderado
865,330245,Macuco,2022,0.6577109480153814,Boa Gestão,0.6162,Moderado
866,330250,Magé,2022,0.6767830267633136,Boa Gestão,0.5361,Baixo
867,330260,Mangaratiba,2022,0.497983566406592,Dificuldade,0.6404,Moderado
868,330270,Maricá,2022,0.7308679538852234,Boa Gestão,0.6431,Moderado
869,330280,Mendes,2022,,Crítica,0.6423,Moderado
870,330285,Mesquita,2022,,Crítica,0.5173,Baixo
871,330290,Miguel Pereira,2022,0.7029580612116209,Boa Gestão,0.6734,Moderado
872,330300,Miracema,2022,,Crítica,0.6623,Moderado
873,330310,Natividade,2022,0.5962629529429287,Dificuldade,0.609,Moderado
874,330320,Nilópolis,2022,0.487215787599331,Dificuldade,0.5388,Baixo
875,330330,Niterói,2022,0.941599837179643,Excelência,0.7145,Moderado
876,330340,Nova Friburgo,2022,0.5536908223836308,Dificuldade,0.7022,Moderado
877,330350,Nova Iguaçu,2022,0.781598869334777,Boa Gestão,0.4822,Baixo
878,330360,Paracambi,2022,0.4883661739565076,Dificuldade,0.5578,Baixo
879,330370,Paraíba do Sul,2022,0.48566030336736055,Dificuldade,0.6809,Moderado
880,330380,Paraty,2022,0.7165434795840043,Boa Gestão,0.6446,Moderado
881,330385,Paty do Alferes,2022,0.8047710816766858,Excelência,0.5624,Baixo
882,330390,Petrópolis,2022,0.6658176288992314,Boa Gestão,0.7142,Moderado
883,330395,Pinheiral,2022,0.7629857592919304,Boa Gestão,0.656,Moderado
884,330400,Piraí,2022,0.8782711515236259,Excelência,0.7034,Moderado
885,330410,Porciúncula,2022,0.5412867172336089,Dificuldade,0.5567,Baixo
886,330411,Porto Real,2022,0.5283116976238784,Dificuldade,0.7411,Moderado
887,330412,Quatis,2022,0.6738678529815132,Boa Gestão,0.5567,Baixo
888,330414,Queimados,2022,0.5178316344165239,Dificuldade,0.4711,Baixo
889,330415,Quissamã,2022,,Crítica,0.5801,Baixo
890,330420,Resende,2022,0.6875429815719925,Boa Gestão,0.7142,Moderado
891,330430,Rio Bonito,2022,0.3573422518603716,Crítica,0.6207,Moderado
892,330440,Rio Claro,2022,0.8073089151334331,Excelência,0.6032,Moderado
893,330450,Rio das Flores,2022,0.3766804411320041,Crítica,0.6845,Moderado
894,330452,Rio das Ostras,2022,0.6765018636642852,Boa Gestão,0.6549,Moderado
895,330455,Rio de Janeiro,2022,0.756222951377452,Boa Gestão,0.7662,Moderado
896,330460,Santa Maria Madalena,2022,0.684404560454831,Boa Gestão,0.5869,Baixo
897,330470,Santo Antônio de Pádua,2022,0.5676883455875992,Dificuldade,0.6232,Moderado
898,330475,São Francisco de Itabapoana,2022,0.5301094036047523,Dificuldade,0.4822,Baixo
899,330480,São Fidélis,2022,0.4466652505979879,Dificuldade,0.5382,Baixo
900,330490,São Gonçalo,2022,0.7728793407926443,Boa Gestão,0.481,Baixo
901,330500,São João da Barra,2022,0.67713833167988,Boa Gestão,0.6225,Moderado
902,330510,São João de Meriti,2022,0.1895467053829127,Crítica,0.469,Baixo
903,330513,São José de Ubá,2022,0.5407036050220703,Dificuldade,0.5283,Baixo
904,330515,São José do Vale do Rio Preto,2022,,Crítica,0.6074,Moderado
905,330520,São Pedro da Aldeia,2022,0.5421096525006263,Dificuldade,0.568,Baixo
906,330530,São Sebastião do Alto,2022,0.4985786896037274,Dificuldade,0.5172,Baixo
907,330540,Sapucaia,2022,0.6514807909409337,Boa Gestão,0.6587,Moderado
908,330550,Saquarema,2022,0.7940510669801167,Boa Gestão,0.6183,Moderado
909,330555,Seropédica,2022,0.3921365493677653,Crítica,0.5436,Baixo
910,330560,Silva Jardim,2022,0.5836567355697276,Dificuldade,0.5809,Baixo
911,330570,Sumidouro,2022,,Crítica,0.5103,Baixo
912,330575,Tanguá,2022,0.3494548604531803,Crítica,0.5199,Baixo
913,330580,Teresópolis,2022,0.60109821673115,Boa Gestão,0.6999,Moderado
914,330590,Trajano de Moraes,2022,0.5055733827335489,Dificuldade,0.5038,Baixo
915,330600,Três Rios,2022,0.4019531677051848,Dificuldade,0.6544,Moderado
916,330610,Valença,2022,0.5845451653189085,Dificuldade,0.6525,Moderado
917,330615,Varre-Sai,2022,0.4790022056647566,Dificuldade,0.5032,Baixo
918,330620,Vassouras,2022,0.5608692794159631,Dificuldade,0.6649,Moderado
919,330630,Volta Redonda,2022,0.726109363536005,Boa Gestão,0.728,Moderado
